model,group,feature_set,target,predictor,abs_t
baseline,experts,length_freq,FPRT,log_word_freq,0.7108575473926849
baseline,experts,length_freq,FPRT,log_word_length,7.60281199087219
baseline,experts,length_freq,FPRT,attention,21.86022694778664
baseline,experts,length_freq,TFT,log_word_freq,1.183159121960589
baseline,experts,length_freq,TFT,log_word_length,12.52095053864996
baseline,experts,length_freq,TFT,attention,22.591911980559416
baseline,experts,length_freq,FFD,log_word_freq,2.3185378313572134
baseline,experts,length_freq,FFD,log_word_length,1.336126432953252
baseline,experts,length_freq,FFD,attention,29.710165504012263
baseline,experts,length_freq,SFD,log_word_freq,2.2616742329964254
baseline,experts,length_freq,SFD,log_word_length,0.3666452655882814
baseline,experts,length_freq,SFD,attention,26.682429722855225
baseline,experts,length_freq,RPD_inc,log_word_freq,0.9816434936106382
baseline,experts,length_freq,RPD_inc,log_word_length,4.692645543088814
baseline,experts,length_freq,RPD_inc,attention,18.5188871044103
baseline,experts,length_freq,TFC,log_word_freq,0.11752555446865909
baseline,experts,length_freq,TFC,log_word_length,13.259250599225476
baseline,experts,length_freq,TFC,attention,24.08232032916509
baseline,experts,length_freq,pca,log_word_freq,0.2356150570629417
baseline,experts,length_freq,pca,log_word_length,10.061083756219508
baseline,experts,length_freq,pca,attention,21.866023600242272
baseline,novices,length_freq,FPRT,log_word_freq,1.555712280128118
baseline,novices,length_freq,FPRT,log_word_length,11.18969384151412
baseline,novices,length_freq,FPRT,attention,18.953178813657996
baseline,novices,length_freq,TFT,log_word_freq,0.6895067078528355
baseline,novices,length_freq,TFT,log_word_length,14.201644677136164
baseline,novices,length_freq,TFT,attention,20.36227682328322
baseline,novices,length_freq,FFD,log_word_freq,4.2986002549622135
baseline,novices,length_freq,FFD,log_word_length,1.4272992541116163
baseline,novices,length_freq,FFD,attention,21.832423773426367
baseline,novices,length_freq,SFD,log_word_freq,3.4758450276556636
baseline,novices,length_freq,SFD,log_word_length,0.8831920908353007
baseline,novices,length_freq,SFD,attention,21.20873874299463
baseline,novices,length_freq,RPD_inc,log_word_freq,0.9977970879733278
baseline,novices,length_freq,RPD_inc,log_word_length,7.31153685033212
baseline,novices,length_freq,RPD_inc,attention,16.419441884486424
baseline,novices,length_freq,TFC,log_word_freq,1.6883711760424225
baseline,novices,length_freq,TFC,log_word_length,14.774145441225736
baseline,novices,length_freq,TFC,attention,21.385575448310135
baseline,novices,length_freq,pca,log_word_freq,1.6213276757056843
baseline,novices,length_freq,pca,log_word_length,12.29120977348373
baseline,novices,length_freq,pca,attention,19.36029011950919
physics-ckpt1,experts,length_freq,FPRT,log_word_freq,1.8036764341416183
physics-ckpt1,experts,length_freq,FPRT,log_word_length,9.834191344282761
physics-ckpt1,experts,length_freq,FPRT,attention,23.80134492594779
physics-ckpt1,experts,length_freq,TFT,log_word_freq,2.0309189631765765
physics-ckpt1,experts,length_freq,TFT,log_word_length,15.470141952605253
physics-ckpt1,experts,length_freq,TFT,attention,24.350823508878413
physics-ckpt1,experts,length_freq,FFD,log_word_freq,4.455872637526436
physics-ckpt1,experts,length_freq,FFD,log_word_length,1.108828274649541
physics-ckpt1,experts,length_freq,FFD,attention,25.7936965484454
physics-ckpt1,experts,length_freq,SFD,log_word_freq,4.721125472414871
physics-ckpt1,experts,length_freq,SFD,log_word_length,2.1151394121516205
physics-ckpt1,experts,length_freq,SFD,attention,24.54905465594637
physics-ckpt1,experts,length_freq,RPD_inc,log_word_freq,0.7637117481704981
physics-ckpt1,experts,length_freq,RPD_inc,log_word_length,6.264132905581708
physics-ckpt1,experts,length_freq,RPD_inc,attention,17.91081602765797
physics-ckpt1,experts,length_freq,TFC,log_word_freq,3.1950546168023193
physics-ckpt1,experts,length_freq,TFC,log_word_length,16.295719324741047
physics-ckpt1,experts,length_freq,TFC,attention,25.425466641922124
physics-ckpt1,experts,length_freq,pca,log_word_freq,2.5675920560653487
physics-ckpt1,experts,length_freq,pca,log_word_length,12.156751239964729
physics-ckpt1,experts,length_freq,pca,attention,22.76812313509979
physics-ckpt1,novices,length_freq,FPRT,log_word_freq,1.593619742206587
physics-ckpt1,novices,length_freq,FPRT,log_word_length,11.690534568295796
physics-ckpt1,novices,length_freq,FPRT,attention,20.389853504898802
physics-ckpt1,novices,length_freq,TFT,log_word_freq,0.8255384540543804
physics-ckpt1,novices,length_freq,TFT,log_word_length,14.9769621737523
physics-ckpt1,novices,length_freq,TFT,attention,22.341921131554816
physics-ckpt1,novices,length_freq,FFD,log_word_freq,4.578477416792001
physics-ckpt1,novices,length_freq,FFD,log_word_length,1.8773534217496415
physics-ckpt1,novices,length_freq,FFD,attention,24.41710644386009
physics-ckpt1,novices,length_freq,SFD,log_word_freq,3.734174919105546
physics-ckpt1,novices,length_freq,SFD,log_word_length,1.3720749771325704
physics-ckpt1,novices,length_freq,SFD,attention,23.207262885562834
physics-ckpt1,novices,length_freq,RPD_inc,log_word_freq,1.0355376127021232
physics-ckpt1,novices,length_freq,RPD_inc,log_word_length,7.686356351589561
physics-ckpt1,novices,length_freq,RPD_inc,attention,17.67739216220614
physics-ckpt1,novices,length_freq,TFC,log_word_freq,1.8320535529736277
physics-ckpt1,novices,length_freq,TFC,log_word_length,15.586076851359692
physics-ckpt1,novices,length_freq,TFC,attention,23.360825170508527
physics-ckpt1,novices,length_freq,pca,log_word_freq,1.6202139527344783
physics-ckpt1,novices,length_freq,pca,log_word_length,12.783158064360444
physics-ckpt1,novices,length_freq,pca,attention,20.612214017467256
biology-ckpt1,experts,length_freq,FPRT,log_word_freq,2.039091933726007
biology-ckpt1,experts,length_freq,FPRT,log_word_length,9.582998860686578
biology-ckpt1,experts,length_freq,FPRT,attention,23.656951964936894
biology-ckpt1,experts,length_freq,TFT,log_word_freq,2.1773971797935348
biology-ckpt1,experts,length_freq,TFT,log_word_length,15.04054910241353
biology-ckpt1,experts,length_freq,TFT,attention,24.127775489343197
biology-ckpt1,experts,length_freq,FFD,log_word_freq,4.527391938388263
biology-ckpt1,experts,length_freq,FFD,log_word_length,0.8180200510616041
biology-ckpt1,experts,length_freq,FFD,attention,24.808112952529388
biology-ckpt1,experts,length_freq,SFD,log_word_freq,4.866508155869432
biology-ckpt1,experts,length_freq,SFD,log_word_length,1.7858212079808238
biology-ckpt1,experts,length_freq,SFD,attention,24.100277104598117
biology-ckpt1,experts,length_freq,RPD_inc,log_word_freq,0.8920249813335103
biology-ckpt1,experts,length_freq,RPD_inc,log_word_length,6.054625537124927
biology-ckpt1,experts,length_freq,RPD_inc,attention,17.54117937601018
biology-ckpt1,experts,length_freq,TFC,log_word_freq,3.3810534901669884
biology-ckpt1,experts,length_freq,TFC,log_word_length,15.886944089148674
biology-ckpt1,experts,length_freq,TFC,attention,25.37267771627282
biology-ckpt1,experts,length_freq,pca,log_word_freq,2.930603185461918
biology-ckpt1,experts,length_freq,pca,log_word_length,12.042138046196614
biology-ckpt1,experts,length_freq,pca,attention,23.359787254428877
biology-ckpt1,novices,length_freq,FPRT,log_word_freq,1.5968729074761512
biology-ckpt1,novices,length_freq,FPRT,log_word_length,11.28549307008044
biology-ckpt1,novices,length_freq,FPRT,attention,19.793730349830497
biology-ckpt1,novices,length_freq,TFT,log_word_freq,0.9308115431943318
biology-ckpt1,novices,length_freq,TFT,log_word_length,14.63004165228049
biology-ckpt1,novices,length_freq,TFT,attention,22.09387924068875
biology-ckpt1,novices,length_freq,FFD,log_word_freq,4.462744987305153
biology-ckpt1,novices,length_freq,FFD,log_word_length,1.4471585066917114
biology-ckpt1,novices,length_freq,FFD,attention,23.23135742541747
biology-ckpt1,novices,length_freq,SFD,log_word_freq,3.871097586029701
biology-ckpt1,novices,length_freq,SFD,log_word_length,1.1449288501371624
biology-ckpt1,novices,length_freq,SFD,attention,22.291249139743236
biology-ckpt1,novices,length_freq,RPD_inc,log_word_freq,1.0812994289026878
biology-ckpt1,novices,length_freq,RPD_inc,log_word_length,7.383501496372235
biology-ckpt1,novices,length_freq,RPD_inc,attention,17.39178773598319
biology-ckpt1,novices,length_freq,TFC,log_word_freq,1.954281238197925
biology-ckpt1,novices,length_freq,TFC,log_word_length,15.239349716755147
biology-ckpt1,novices,length_freq,TFC,attention,23.18727472246319
biology-ckpt1,novices,length_freq,pca,log_word_freq,1.7710718050706147
biology-ckpt1,novices,length_freq,pca,log_word_length,12.498303405023846
biology-ckpt1,novices,length_freq,pca,attention,20.799603560436903
