model,group,layer,feature,attention_method,spearman,p,n
baseline,experts,0,FPRT,raw,0.6445893534917648,6.767066947484051e-200,1697
baseline,experts,0,TFT,raw,0.6104932265175255,2.8494591490882048e-174,1701
baseline,experts,0,FFD,raw,0.6648961265612169,4.779699979999762e-217,1697
baseline,experts,0,SFD,raw,0.6615231868263107,7.455308997124334e-213,1687
baseline,experts,0,RPD_inc,raw,0.5104806587567932,2.8750598012995596e-113,1697
baseline,experts,0,TFC,raw,0.631462288069926,6.261044351743335e-190,1701
baseline,experts,0,pca,raw,0.5723187281430626,2.9626109155646115e-148,1697
baseline,experts,1,FPRT,raw,0.5042710959752453,3.8659256141966296e-110,1697
baseline,experts,1,TFT,raw,0.36357135016125086,2.622809988386949e-54,1701
baseline,experts,1,FFD,raw,0.7175817962097971,1.4297218582713175e-268,1697
baseline,experts,1,SFD,raw,0.695609991827767,2.7743962325758287e-244,1687
baseline,experts,1,RPD_inc,raw,0.36138853617138395,1.6427148847314724e-53,1697
baseline,experts,1,TFC,raw,0.383594585155188,9.550055938957179e-61,1701
baseline,experts,1,pca,raw,0.38180694564473616,5.138074506863444e-60,1697
baseline,experts,2,FPRT,raw,0.411987979516843,1.6134066799210342e-70,1697
baseline,experts,2,TFT,raw,0.2862652497133995,1.9188211193304924e-33,1701
baseline,experts,2,FFD,raw,0.5824947923890853,9.44169953488881e-155,1697
baseline,experts,2,SFD,raw,0.5632168198872087,8.366922483910009e-142,1687
baseline,experts,2,RPD_inc,raw,0.30579613792277044,4.613719353824542e-38,1697
baseline,experts,2,TFC,raw,0.3024169025501649,2.621663161701209e-37,1701
baseline,experts,2,pca,raw,0.30424791037925414,1.120783947363613e-37,1697
baseline,experts,3,FPRT,raw,0.34230247298356525,7.610122130762328e-48,1697
baseline,experts,3,TFT,raw,0.22832180385739645,1.4841071810462085e-21,1701
baseline,experts,3,FFD,raw,0.5237358576579775,3.626997870920734e-120,1697
baseline,experts,3,SFD,raw,0.5028464011048057,8.516278327562033e-109,1687
baseline,experts,3,RPD_inc,raw,0.26489441656703555,1.211373886628279e-28,1697
baseline,experts,3,TFC,raw,0.24422185624181023,1.6096962865779387e-24,1701
baseline,experts,3,pca,raw,0.24295567111663272,3.1933140947807937e-24,1697
baseline,experts,4,FPRT,raw,0.4041767339586536,1.075020782755399e-67,1697
baseline,experts,4,TFT,raw,0.29918847010400274,1.625643247794488e-36,1701
baseline,experts,4,FFD,raw,0.5359906890915044,8.002021869802991e-127,1697
baseline,experts,4,SFD,raw,0.5224731220065011,8.386099833578321e-119,1687
baseline,experts,4,RPD_inc,raw,0.31998748865716187,1.049388840146783e-41,1697
baseline,experts,4,TFC,raw,0.31321158383656206,4.955219321679221e-40,1701
baseline,experts,4,pca,raw,0.31768370346669744,4.226046801713628e-41,1697
baseline,experts,5,FPRT,raw,0.24113001660334615,7.128252054128576e-24,1697
baseline,experts,5,TFT,raw,0.11649170551411946,1.4546574766978075e-06,1701
baseline,experts,5,FFD,raw,0.44549309231932804,1.6298563005058615e-83,1697
baseline,experts,5,SFD,raw,0.424349042719889,1.0367665135117192e-74,1687
baseline,experts,5,RPD_inc,raw,0.1615766491592323,2.1533512064284277e-11,1697
baseline,experts,5,TFC,raw,0.13532104343250598,2.1096968478434354e-08,1701
baseline,experts,5,pca,raw,0.14315576744597747,3.1527420591508264e-09,1697
baseline,experts,6,FPRT,raw,0.44188087052984837,4.8377320337552927e-82,1697
baseline,experts,6,TFT,raw,0.35830876446919985,1.0878331145021376e-52,1701
baseline,experts,6,FFD,raw,0.559980958414305,1.120044747534998e-140,1697
baseline,experts,6,SFD,raw,0.5437743799112746,1.9646902445519725e-130,1687
baseline,experts,6,RPD_inc,raw,0.3332437262251164,2.7256691356882062e-45,1697
baseline,experts,6,TFC,raw,0.3774302571852294,1.0251197900821106e-58,1701
baseline,experts,6,pca,raw,0.3577042265398719,2.187200030122348e-52,1697
baseline,experts,7,FPRT,raw,0.43186110266317895,4.753926287483767e-78,1697
baseline,experts,7,TFT,raw,0.38211844921411386,2.9532066147578293e-60,1701
baseline,experts,7,FFD,raw,0.4763674154074716,7.514098493047857e-97,1697
baseline,experts,7,SFD,raw,0.4605512442845935,2.4991350119736726e-89,1687
baseline,experts,7,RPD_inc,raw,0.3578484074578211,1.9777345726684747e-52,1697
baseline,experts,7,TFC,raw,0.3962266769243003,4.785581096444948e-65,1701
baseline,experts,7,pca,raw,0.36859738056392916,9.38516890155648e-56,1697
baseline,experts,8,FPRT,raw,0.45351263694538974,7.565139706079714e-87,1697
baseline,experts,8,TFT,raw,0.41610324513778374,3.3418323246818016e-72,1701
baseline,experts,8,FFD,raw,0.49328527623537044,9.257546011799402e-105,1697
baseline,experts,8,SFD,raw,0.4831672939822574,2.1315494715975615e-99,1687
baseline,experts,8,RPD_inc,raw,0.36362180968935903,3.363539466149028e-54,1697
baseline,experts,8,TFC,raw,0.43628027586662005,5.608495978062898e-80,1701
baseline,experts,8,pca,raw,0.3897984919678205,1.0847188188013357e-62,1697
baseline,experts,9,FPRT,raw,0.40048808203791864,2.1818838233123788e-66,1697
baseline,experts,9,TFT,raw,0.37356522054484465,1.8275338486427673e-57,1701
baseline,experts,9,FFD,raw,0.4193632639859177,2.9639719648487336e-73,1697
baseline,experts,9,SFD,raw,0.4002095873732499,6.564261826409014e-66,1687
baseline,experts,9,RPD_inc,raw,0.3082269422878456,1.1327181595682592e-38,1697
baseline,experts,9,TFC,raw,0.38650612911738386,1.0128239022128828e-61,1701
baseline,experts,9,pca,raw,0.35768731075884336,2.2131785526301586e-52,1697
baseline,experts,10,FPRT,raw,0.4748675422399993,3.596563466208255e-96,1697
baseline,experts,10,TFT,raw,0.45631644581880404,3.082510429421192e-88,1701
baseline,experts,10,FFD,raw,0.48178645670378867,2.4579954120102695e-99,1697
baseline,experts,10,SFD,raw,0.464546811169856,4.7150007013052964e-91,1687
baseline,experts,10,RPD_inc,raw,0.39795380411799713,1.688665392932062e-65,1697
baseline,experts,10,TFC,raw,0.46559501112495455,2.9697562442891303e-92,1701
baseline,experts,10,pca,raw,0.4327979555344939,2.0390382939891868e-78,1697
baseline,experts,11,FPRT,raw,0.598997178774794,8.665211015339737e-166,1697
baseline,experts,11,TFT,raw,0.6003421766671934,4.178039052188309e-167,1701
baseline,experts,11,FFD,raw,0.5351992115075395,2.1949117529269823e-126,1697
baseline,experts,11,SFD,raw,0.5233203993642345,2.9967149766960105e-119,1687
baseline,experts,11,RPD_inc,raw,0.46839932134028894,2.8180024369477977e-93,1697
baseline,experts,11,TFC,raw,0.6067374918237108,1.3689240257952003e-171,1701
baseline,experts,11,pca,raw,0.56649039566692,1.2337685800309331e-144,1697
baseline,novices,0,FPRT,raw,0.625837463660199,2.1418287044412894e-185,1699
baseline,novices,0,TFT,raw,0.5851331199668796,7.733538245751082e-157,1701
baseline,novices,0,FFD,raw,0.6573110229414665,9.908401051392044e-211,1699
baseline,novices,0,SFD,raw,0.6461999502984507,2.178083369085686e-198,1673
baseline,novices,0,RPD_inc,raw,0.47671839928337667,4.018247922427371e-97,1699
baseline,novices,0,TFC,raw,0.6142211788908787,5.716007593354619e-177,1701
baseline,novices,0,pca,raw,0.5612698263947554,1.2821714428299681e-141,1699
baseline,novices,1,FPRT,raw,0.46363167153358703,2.7433216167991687e-91,1699
baseline,novices,1,TFT,raw,0.3114907454037889,1.3706070685041921e-39,1701
baseline,novices,1,FFD,raw,0.7037590845679456,3.0200419996744995e-254,1699
baseline,novices,1,SFD,raw,0.6867473595705973,9.411583030523309e-234,1673
baseline,novices,1,RPD_inc,raw,0.30275959950031134,2.3761379129297105e-37,1699
baseline,novices,1,TFC,raw,0.34553002123769794,6.91341333990061e-49,1701
baseline,novices,1,pca,raw,0.35255165319715015,6.755059860246637e-51,1699
baseline,novices,2,FPRT,raw,0.37869091444721115,4.639808148955027e-59,1699
baseline,novices,2,TFT,raw,0.23523834881038633,8.104321420822506e-23,1701
baseline,novices,2,FFD,raw,0.5677403620235119,1.4184779689067978e-145,1699
baseline,novices,2,SFD,raw,0.5473866488493081,2.0966843905380015e-131,1673
baseline,novices,2,RPD_inc,raw,0.2550490299048592,1.2324081055440723e-26,1699
baseline,novices,2,TFC,raw,0.2635302957796925,2.0308892461028917e-28,1701
baseline,novices,2,pca,raw,0.2765737875814071,3.29738502159506e-31,1699
baseline,novices,3,FPRT,raw,0.30817952874084786,1.0531289194185511e-38,1699
baseline,novices,3,TFT,raw,0.1775169274743017,1.6480873322475485e-13,1701
baseline,novices,3,FFD,raw,0.5093972159396831,7.559131101038219e-113,1699
baseline,novices,3,SFD,raw,0.4871937478759906,1.9095701789415318e-100,1673
baseline,novices,3,RPD_inc,raw,0.21355653594023605,5.638063784040075e-19,1699
baseline,novices,3,TFC,raw,0.20543911589833994,1.1466723219150848e-17,1701
baseline,novices,3,pca,raw,0.21415403854884746,4.479812333188374e-19,1699
baseline,novices,4,FPRT,raw,0.37480233460473955,8.496959311913524e-58,1699
baseline,novices,4,TFT,raw,0.2624129305288725,3.4867427385479495e-28,1701
baseline,novices,4,FFD,raw,0.5238524746298855,2.2798905341040964e-120,1699
baseline,novices,4,SFD,raw,0.5040372668133357,1.715537322175765e-108,1673
baseline,novices,4,RPD_inc,raw,0.2777323376913976,1.8198851134032947e-31,1699
baseline,novices,4,TFC,raw,0.28505111926991766,3.660194302455131e-33,1701
baseline,novices,4,pca,raw,0.2957519095255637,1.212033200916408e-35,1699
baseline,novices,5,FPRT,raw,0.2054720268405896,1.1834376882954925e-17,1699
baseline,novices,5,TFT,raw,0.07053310038817286,0.003608552216100138,1701
baseline,novices,5,FFD,raw,0.4362917994115164,6.858207429215108e-80,1699
baseline,novices,5,SFD,raw,0.4196562964526537,2.368156225082317e-72,1673
baseline,novices,5,RPD_inc,raw,0.11612633839289964,1.5920100391669748e-06,1699
baseline,novices,5,TFC,raw,0.09785524521986035,5.28617367538052e-05,1701
baseline,novices,5,pca,raw,0.11587143647289559,1.678493001436318e-06,1699
baseline,novices,6,FPRT,raw,0.41588947684511013,4.856055544001785e-72,1699
baseline,novices,6,TFT,raw,0.3233358824663173,1.0856612268990637e-42,1701
baseline,novices,6,FFD,raw,0.5523523233555043,2.6241273739756032e-136,1699
baseline,novices,6,SFD,raw,0.5316828105470652,1.0206927920552557e-122,1673
baseline,novices,6,RPD_inc,raw,0.29128794628848037,1.4019661415389949e-34,1699
baseline,novices,6,TFC,raw,0.3503331486784513,2.6966067055191835e-50,1701
baseline,novices,6,pca,raw,0.33843215145202,8.511222456677231e-47,1699
baseline,novices,7,FPRT,raw,0.42011494650832676,1.2722885555504291e-73,1699
baseline,novices,7,TFT,raw,0.3651393471171817,8.527769616841e-55,1701
baseline,novices,7,FFD,raw,0.4766860034434037,4.157140150311633e-97,1699
baseline,novices,7,SFD,raw,0.45445772135750895,4.88440219816648e-86,1673
baseline,novices,7,RPD_inc,raw,0.3295499608570657,2.5255365842682374e-44,1699
baseline,novices,7,TFC,raw,0.38326403918673124,1.2303079614723876e-60,1701
baseline,novices,7,pca,raw,0.36501874444343446,1.0735339377306395e-54,1699
baseline,novices,8,FPRT,raw,0.44435921750344304,3.8062384476978856e-83,1699
baseline,novices,8,TFT,raw,0.40158625072521065,6.28138213180614e-67,1701
baseline,novices,8,FFD,raw,0.4929239019516903,1.0446855848501363e-104,1699
baseline,novices,8,SFD,raw,0.47128304786309627,3.015884691372234e-93,1673
baseline,novices,8,RPD_inc,raw,0.3350849589467144,7.434829215871926e-46,1699
baseline,novices,8,TFC,raw,0.42535042568367104,1.0623072956153733e-75,1701
baseline,novices,8,pca,raw,0.38824346648211155,3.094229137487209e-62,1699
baseline,novices,9,FPRT,raw,0.3861306435651377,1.592704634849312e-61,1699
baseline,novices,9,TFT,raw,0.36126538424918647,1.353327069167625e-53,1701
baseline,novices,9,FFD,raw,0.415399585191333,7.3824464432184e-72,1699
baseline,novices,9,SFD,raw,0.3943107358370445,2.373245372656001e-63,1673
baseline,novices,9,RPD_inc,raw,0.2939361202482686,3.2983081172174725e-35,1699
baseline,novices,9,TFC,raw,0.37719768770762596,1.2204989303544782e-58,1701
baseline,novices,9,pca,raw,0.3528007488234793,5.693548140746374e-51,1699
baseline,novices,10,FPRT,raw,0.46815582643708525,2.8182461022190853e-93,1699
baseline,novices,10,TFT,raw,0.4559874891332692,4.2562498995608646e-88,1701
baseline,novices,10,FFD,raw,0.4755712586750322,1.3355219021106647e-96,1699
baseline,novices,10,SFD,raw,0.4553962986132964,1.9823963243987713e-86,1673
baseline,novices,10,RPD_inc,raw,0.3770811862015743,1.5535637959299421e-58,1699
baseline,novices,10,TFC,raw,0.46727751391863376,5.383760685385635e-93,1701
baseline,novices,10,pca,raw,0.4341918124897463,4.6702694206895507e-79,1699
baseline,novices,11,FPRT,raw,0.5996413163917444,1.9955715807742836e-166,1699
baseline,novices,11,TFT,raw,0.6046628969732123,4.002460657979677e-170,1701
baseline,novices,11,FFD,raw,0.5335395012092775,1.290706098727319e-125,1699
baseline,novices,11,SFD,raw,0.5169294018737441,5.803275047199415e-115,1673
baseline,novices,11,RPD_inc,raw,0.4679377564339325,3.519694463908936e-93,1699
baseline,novices,11,TFC,raw,0.6131624450618781,3.3643445709387866e-176,1701
baseline,novices,11,pca,raw,0.5741646014522584,1.3682319874109928e-149,1699
physics-ckpt1,experts,0,FPRT,raw,0.6332293298044658,7.366278692532789e-191,1697
physics-ckpt1,experts,0,TFT,raw,0.5910156134645275,9.594233936640327e-161,1701
physics-ckpt1,experts,0,FFD,raw,0.6682838131240545,4.847664461417355e-220,1697
physics-ckpt1,experts,0,SFD,raw,0.6632718748447831,2.2960318634725465e-214,1687
physics-ckpt1,experts,0,RPD_inc,raw,0.5002377530949997,3.8463406573041115e-108,1697
physics-ckpt1,experts,0,TFC,raw,0.612887608773023,5.324224436130453e-176,1701
physics-ckpt1,experts,0,pca,raw,0.557160665945791,5.457161517397966e-139,1697
physics-ckpt1,experts,1,FPRT,raw,0.47702815082584765,3.7604256032306045e-97,1697
physics-ckpt1,experts,1,TFT,raw,0.3261885112040481,1.852432787691418e-43,1701
physics-ckpt1,experts,1,FFD,raw,0.6992999400088296,2.0624103093719844e-249,1697
physics-ckpt1,experts,1,SFD,raw,0.6746186298055826,1.9916216950801622e-224,1687
physics-ckpt1,experts,1,RPD_inc,raw,0.33870623314751275,8.045874577294023e-47,1697
physics-ckpt1,experts,1,TFC,raw,0.3456898273667962,6.2117330427872526e-49,1701
physics-ckpt1,experts,1,pca,raw,0.34525706005621354,1.07096660989767e-48,1697
physics-ckpt1,experts,2,FPRT,raw,0.38588119830656165,2.270273125565456e-61,1697
physics-ckpt1,experts,2,TFT,raw,0.2559597767637079,7.517557162792317e-27,1701
physics-ckpt1,experts,2,FFD,raw,0.5586435656790322,7.10535446141602e-140,1697
physics-ckpt1,experts,2,SFD,raw,0.5380628846724514,3.1177672408098375e-127,1687
physics-ckpt1,experts,2,RPD_inc,raw,0.28644752061159773,2.0686091422274693e-33,1697
physics-ckpt1,experts,2,TFC,raw,0.27105009200937946,4.993861314277149e-30,1701
physics-ckpt1,experts,2,pca,raw,0.2772947090599597,2.4699838040542733e-31,1697
physics-ckpt1,experts,3,FPRT,raw,0.3260209760399269,2.5774255633174486e-43,1697
physics-ckpt1,experts,3,TFT,raw,0.2111303473800986,1.3599911296986254e-18,1701
physics-ckpt1,experts,3,FFD,raw,0.5106440535626678,2.373810314559286e-113,1697
physics-ckpt1,experts,3,SFD,raw,0.4903080923764314,9.753192630194665e-103,1687
physics-ckpt1,experts,3,RPD_inc,raw,0.25330852704884493,2.960029776762203e-26,1697
physics-ckpt1,experts,3,TFC,raw,0.22767006337367912,1.9423821130421873e-21,1701
physics-ckpt1,experts,3,pca,raw,0.22730096414206047,2.5173190801016313e-21,1697
physics-ckpt1,experts,4,FPRT,raw,0.39196590713590296,1.980628707803688e-63,1697
physics-ckpt1,experts,4,TFT,raw,0.29051331583106266,1.953264795301946e-34,1701
physics-ckpt1,experts,4,FFD,raw,0.5224001076368164,1.8565148522919074e-119,1697
physics-ckpt1,experts,4,SFD,raw,0.5086528536328128,1.0906357369953584e-111,1687
physics-ckpt1,experts,4,RPD_inc,raw,0.3148736692903825,2.273563945078836e-40,1697
physics-ckpt1,experts,4,TFC,raw,0.3056908708168083,4.023597798219036e-38,1701
physics-ckpt1,experts,4,pca,raw,0.3076812958223929,1.5543062247530485e-38,1697
physics-ckpt1,experts,5,FPRT,raw,0.2314189169279916,4.56486478423972e-22,1697
physics-ckpt1,experts,5,TFT,raw,0.1053632649245051,1.3340331615192454e-05,1701
physics-ckpt1,experts,5,FFD,raw,0.4384085218468555,1.2117950186076595e-80,1697
physics-ckpt1,experts,5,SFD,raw,0.41774694798463424,3.126402257569201e-72,1687
physics-ckpt1,experts,5,RPD_inc,raw,0.15497785552317234,1.3774063220237055e-10,1697
physics-ckpt1,experts,5,TFC,raw,0.124400344027878,2.648284117427129e-07,1701
physics-ckpt1,experts,5,pca,raw,0.1316758329950341,5.207852639579817e-08,1697
physics-ckpt1,experts,6,FPRT,raw,0.42686667472979833,4.144366639662268e-76,1697
physics-ckpt1,experts,6,TFT,raw,0.3418859782580571,7.80237304884379e-48,1701
physics-ckpt1,experts,6,FFD,raw,0.5523131765504026,3.98334789408006e-136,1697
physics-ckpt1,experts,6,SFD,raw,0.5358251548674917,5.38407866994822e-126,1687
physics-ckpt1,experts,6,RPD_inc,raw,0.32286124756754386,1.814646611657545e-42,1697
physics-ckpt1,experts,6,TFC,raw,0.3619585104199071,8.27590211888314e-54,1701
physics-ckpt1,experts,6,pca,raw,0.3421064768097091,8.66082521513678e-48,1697
physics-ckpt1,experts,7,FPRT,raw,0.4260429997042034,8.596918474357443e-76,1697
physics-ckpt1,experts,7,TFT,raw,0.37367878435839247,1.6801478719863403e-57,1701
physics-ckpt1,experts,7,FFD,raw,0.4800707596770881,1.5215343557838957e-98,1697
physics-ckpt1,experts,7,SFD,raw,0.4623329669022222,4.282614326442605e-90,1687
physics-ckpt1,experts,7,RPD_inc,raw,0.3547421824013507,1.7103413904317802e-51,1697
physics-ckpt1,experts,7,TFC,raw,0.38914344073323476,1.3010427268973441e-62,1701
physics-ckpt1,experts,7,pca,raw,0.35739261914259224,2.7183228884061606e-52,1697
physics-ckpt1,experts,8,FPRT,raw,0.4461263215033428,8.95738303308411e-84,1697
physics-ckpt1,experts,8,TFT,raw,0.40227746343486187,3.571263367742125e-67,1701
physics-ckpt1,experts,8,FFD,raw,0.5013914245858088,1.0383520962200255e-108,1697
physics-ckpt1,experts,8,SFD,raw,0.48993471042772535,1.4646560226156096e-102,1687
physics-ckpt1,experts,8,RPD_inc,raw,0.35516313710049435,1.2785717765450403e-51,1697
physics-ckpt1,experts,8,TFC,raw,0.4234201201961228,5.827023017068917e-75,1701
physics-ckpt1,experts,8,pca,raw,0.37675095399210073,2.3193588598823804e-58,1697
physics-ckpt1,experts,9,FPRT,raw,0.415526201550345,8.012777985136051e-72,1697
physics-ckpt1,experts,9,TFT,raw,0.38396394956883806,7.193312079562281e-61,1701
physics-ckpt1,experts,9,FFD,raw,0.4509842743021065,8.697226958406526e-86,1697
physics-ckpt1,experts,9,SFD,raw,0.430356278476822,5.142521534137495e-77,1687
physics-ckpt1,experts,9,RPD_inc,raw,0.3196593583549717,1.2806528484074588e-41,1697
physics-ckpt1,experts,9,TFC,raw,0.3994307189720832,3.623144930487587e-66,1701
physics-ckpt1,experts,9,pca,raw,0.3622697882274847,8.798936064982976e-54,1697
physics-ckpt1,experts,10,FPRT,raw,0.47179686267043613,8.660572455349575e-95,1697
physics-ckpt1,experts,10,TFT,raw,0.4479936314636361,9.711142123046613e-85,1701
physics-ckpt1,experts,10,FFD,raw,0.4991463610950281,1.3214365644202584e-107,1697
physics-ckpt1,experts,10,SFD,raw,0.47767285058141756,6.997323312719928e-97,1687
physics-ckpt1,experts,10,RPD_inc,raw,0.3907103176296942,5.312530015666695e-63,1697
physics-ckpt1,experts,10,TFC,raw,0.4600357200715081,7.832726316307209e-90,1701
physics-ckpt1,experts,10,pca,raw,0.4174907918630443,1.489250461336448e-72,1697
physics-ckpt1,experts,11,FPRT,raw,0.6076862794585048,7.297445251430099e-172,1697
physics-ckpt1,experts,11,TFT,raw,0.5989701872125262,3.7143484109133104e-166,1701
physics-ckpt1,experts,11,FFD,raw,0.5652312961634779,7.30646501884351e-144,1697
physics-ckpt1,experts,11,SFD,raw,0.5497536398591469,7.514722562681005e-134,1687
physics-ckpt1,experts,11,RPD_inc,raw,0.47545129290013666,1.957176679088176e-96,1697
physics-ckpt1,experts,11,TFC,raw,0.6062544426887856,3.0107764829733457e-171,1701
physics-ckpt1,experts,11,pca,raw,0.563104801172563,1.4481144150216892e-142,1697
physics-ckpt1,novices,0,FPRT,raw,0.613372907314988,3.796069575775881e-176,1699
physics-ckpt1,novices,0,TFT,raw,0.5634687982343566,4.047094847480873e-143,1701
physics-ckpt1,novices,0,FFD,raw,0.6599156558157323,5.773891296491071e-213,1699
physics-ckpt1,novices,0,SFD,raw,0.64737010114254,2.4719568715460352e-199,1673
physics-ckpt1,novices,0,RPD_inc,raw,0.46529210024750767,5.152468960091747e-92,1699
physics-ckpt1,novices,0,TFC,raw,0.5937244388190731,1.432027591704222e-162,1701
physics-ckpt1,novices,0,pca,raw,0.5449076761380048,5.386926930640263e-132,1699
physics-ckpt1,novices,1,FPRT,raw,0.4363442199912429,6.53639799410637e-80,1699
physics-ckpt1,novices,1,TFT,raw,0.27295267012232055,1.9190577358258784e-30,1701
physics-ckpt1,novices,1,FFD,raw,0.6845442726222487,2.9575512582612676e-235,1699
physics-ckpt1,novices,1,SFD,raw,0.6650924895645044,3.5782653791032386e-214,1673
physics-ckpt1,novices,1,RPD_inc,raw,0.28386497785815296,7.462907938451702e-33,1699
physics-ckpt1,novices,1,TFC,raw,0.3073924661406665,1.5046563479902192e-38,1701
physics-ckpt1,novices,1,pca,raw,0.31615735912244464,9.502958307995961e-41,1699
physics-ckpt1,novices,2,FPRT,raw,0.3541166585452776,2.3016977629755262e-51,1699
physics-ckpt1,novices,2,TFT,raw,0.20511640370122894,1.2916206933203459e-17,1701
physics-ckpt1,novices,2,FFD,raw,0.5444476111677073,9.869391192211798e-132,1699
physics-ckpt1,novices,2,SFD,raw,0.5228298104902661,5.106274170583016e-118,1673
physics-ckpt1,novices,2,RPD_inc,raw,0.2377560032929246,2.9129937519528714e-23,1699
physics-ckpt1,novices,2,TFC,raw,0.2322915407548397,2.8297550493149134e-22,1701
physics-ckpt1,novices,2,pca,raw,0.2504672255764667,1.0238852662345092e-25,1699
physics-ckpt1,novices,3,FPRT,raw,0.29174368528860617,1.0941077593084332e-34,1699
physics-ckpt1,novices,3,TFT,raw,0.16064040413571531,2.6688844785794345e-11,1701
physics-ckpt1,novices,3,FFD,raw,0.49581740344161757,4.1802340516310315e-106,1699
physics-ckpt1,novices,3,SFD,raw,0.47394842490956035,1.9947163348186797e-94,1673
physics-ckpt1,novices,3,RPD_inc,raw,0.2022228586661747,3.883183304910946e-17,1699
physics-ckpt1,novices,3,TFC,raw,0.18885225340139675,4.032443073996683e-15,1701
physics-ckpt1,novices,3,pca,raw,0.19840488169095521,1.529164982757852e-16,1699
physics-ckpt1,novices,4,FPRT,raw,0.3648525885291567,1.2093903824096084e-54,1699
physics-ckpt1,novices,4,TFT,raw,0.25420521239788074,1.707002065595419e-26,1701
physics-ckpt1,novices,4,FFD,raw,0.5115806980006702,5.8290724139218984e-114,1699
physics-ckpt1,novices,4,SFD,raw,0.4907787588826297,4.034615340941991e-102,1673
physics-ckpt1,novices,4,RPD_inc,raw,0.27471645137339157,8.499555355635287e-31,1699
physics-ckpt1,novices,4,TFC,raw,0.27750037872637884,1.8913440288520505e-31,1701
physics-ckpt1,novices,4,pca,raw,0.2868726869180631,1.5126640632353645e-33,1699
physics-ckpt1,novices,5,FPRT,raw,0.1965073663221999,2.9912230617228704e-16,1699
physics-ckpt1,novices,5,TFT,raw,0.059694716028901876,0.013801596500638018,1701
physics-ckpt1,novices,5,FFD,raw,0.42851556217609515,7.799776960702024e-77,1699
physics-ckpt1,novices,5,SFD,raw,0.41188934536285904,1.6437329065099575e-69,1673
physics-ckpt1,novices,5,RPD_inc,raw,0.11127883679359973,4.271716213901599e-06,1699
physics-ckpt1,novices,5,TFC,raw,0.08713788529631664,0.0003206153787258547,1701
physics-ckpt1,novices,5,pca,raw,0.10459739299126769,1.5597697737323288e-05,1699
physics-ckpt1,novices,6,FPRT,raw,0.40155613074755486,7.679773609444208e-67,1699
physics-ckpt1,novices,6,TFT,raw,0.30584904719602074,3.673030906536715e-38,1701
physics-ckpt1,novices,6,FFD,raw,0.5458040646257859,1.651340168819657e-132,1699
physics-ckpt1,novices,6,SFD,raw,0.5242794697636249,8.874073587455788e-119,1673
physics-ckpt1,novices,6,RPD_inc,raw,0.2810805725401948,3.2140614095501574e-32,1699
physics-ckpt1,novices,6,TFC,raw,0.33354821817822,1.770330104747599e-45,1701
physics-ckpt1,novices,6,pca,raw,0.32296475765697336,1.5243729559958225e-42,1699
physics-ckpt1,novices,7,FPRT,raw,0.4147392532489737,1.296970325881108e-71,1699
physics-ckpt1,novices,7,TFT,raw,0.3557203872975399,6.6243323382701954e-52,1701
physics-ckpt1,novices,7,FFD,raw,0.48241403327106597,9.650667243292498e-100,1699
physics-ckpt1,novices,7,SFD,raw,0.4575349356962757,2.5133730252644244e-87,1673
physics-ckpt1,novices,7,RPD_inc,raw,0.32651937162347083,1.6879172531362011e-43,1699
physics-ckpt1,novices,7,TFC,raw,0.37550446357005784,4.3278102288107944e-58,1701
physics-ckpt1,novices,7,pca,raw,0.35420193496633007,2.1701714817561488e-51,1699
physics-ckpt1,novices,8,FPRT,raw,0.4357311262729406,1.1460998726958346e-79,1699
physics-ckpt1,novices,8,TFT,raw,0.3870784534382147,6.498570128725131e-62,1701
physics-ckpt1,novices,8,FFD,raw,0.5009287182637299,1.3151205670143289e-108,1699
physics-ckpt1,novices,8,SFD,raw,0.47803411859751593,2.960803974884133e-96,1673
physics-ckpt1,novices,8,RPD_inc,raw,0.32630964036825066,1.9235273204398604e-43,1699
physics-ckpt1,novices,8,TFC,raw,0.41143928000959923,1.765857947519252e-70,1701
physics-ckpt1,novices,8,pca,raw,0.374699928026916,9.168242512501913e-58,1699
physics-ckpt1,novices,9,FPRT,raw,0.4004550367640177,1.8806421726688146e-66,1699
physics-ckpt1,novices,9,TFT,raw,0.37019571514030164,2.1814463658475914e-56,1701
physics-ckpt1,novices,9,FFD,raw,0.4473137694920986,2.322645066392496e-84,1699
physics-ckpt1,novices,9,SFD,raw,0.4252051803394054,1.9868428775780313e-74,1673
physics-ckpt1,novices,9,RPD_inc,raw,0.30313465964609987,1.9192804775253978e-37,1699
physics-ckpt1,novices,9,TFC,raw,0.38768998515011754,4.040877308921394e-62,1701
physics-ckpt1,novices,9,pca,raw,0.3568054080499503,3.568917412539541e-52,1699
physics-ckpt1,novices,10,FPRT,raw,0.46215120366816825,1.2090667422120213e-90,1699
physics-ckpt1,novices,10,TFT,raw,0.44497747534405674,1.7031798689518736e-83,1701
physics-ckpt1,novices,10,FFD,raw,0.4931204424234291,8.403612613175067e-105,1699
physics-ckpt1,novices,10,SFD,raw,0.4694753341633736,1.8770479448937952e-92,1673
physics-ckpt1,novices,10,RPD_inc,raw,0.3709240044732685,1.4845948819654334e-56,1699
physics-ckpt1,novices,10,TFC,raw,0.45931440752240615,1.602470837810701e-89,1701
physics-ckpt1,novices,10,pca,raw,0.4175458634194813,1.1720752076337176e-72,1699
physics-ckpt1,novices,11,FPRT,raw,0.6059421384361838,7.918376991729289e-171,1699
physics-ckpt1,novices,11,TFT,raw,0.603059925105961,5.341152749847923e-169,1701
physics-ckpt1,novices,11,FFD,raw,0.5643737369078538,1.6638977683417564e-143,1699
physics-ckpt1,novices,11,SFD,raw,0.5444594483956284,9.460761267213462e-130,1673
physics-ckpt1,novices,11,RPD_inc,raw,0.47451268300805166,4.029343533701861e-96,1699
physics-ckpt1,novices,11,TFC,raw,0.6131675372324792,3.335837941234787e-176,1701
physics-ckpt1,novices,11,pca,raw,0.5714454502624149,7.025604762818071e-148,1699
biology-ckpt1,experts,0,FPRT,raw,0.6316964074367872,1.1423534584687155e-189,1697
biology-ckpt1,experts,0,TFT,raw,0.5883883960616252,5.452308398795423e-159,1701
biology-ckpt1,experts,0,FFD,raw,0.6692292368384058,6.96509398424868e-221,1697
biology-ckpt1,experts,0,SFD,raw,0.664369091174925,2.554796835432931e-215,1687
biology-ckpt1,experts,0,RPD_inc,raw,0.4990830957301759,1.4192447127128017e-107,1697
biology-ckpt1,experts,0,TFC,raw,0.6102674827759463,4.1396484024474e-174,1701
biology-ckpt1,experts,0,pca,raw,0.5553706330372918,6.30650728410826e-138,1697
biology-ckpt1,experts,1,FPRT,raw,0.4833024445786074,4.867125860767744e-100,1697
biology-ckpt1,experts,1,TFT,raw,0.3368846000652245,2.060934142428709e-46,1701
biology-ckpt1,experts,1,FFD,raw,0.7019896817897697,3.8700566370061155e-252,1697
biology-ckpt1,experts,1,SFD,raw,0.6782479417875725,9.658129275693685e-228,1687
biology-ckpt1,experts,1,RPD_inc,raw,0.3458049692667864,7.42737707725212e-49,1697
biology-ckpt1,experts,1,TFC,raw,0.3569128215252718,2.888033597650271e-52,1701
biology-ckpt1,experts,1,pca,raw,0.35989923144748637,4.6971538452307455e-53,1697
biology-ckpt1,experts,2,FPRT,raw,0.3874986234595958,6.5001120400406106e-62,1697
biology-ckpt1,experts,2,TFT,raw,0.25647419692038537,5.9038279574258125e-27,1701
biology-ckpt1,experts,2,FFD,raw,0.5648803336084224,1.1979380091817605e-143,1697
biology-ckpt1,experts,2,SFD,raw,0.5445420400609562,7.217737329944873e-131,1687
biology-ckpt1,experts,2,RPD_inc,raw,0.28722451824770573,1.3669361451003611e-33,1697
biology-ckpt1,experts,2,TFC,raw,0.27155159462457606,3.883979719280592e-30,1701
biology-ckpt1,experts,2,pca,raw,0.2787074972155873,1.1944933245246468e-31,1697
biology-ckpt1,experts,3,FPRT,raw,0.3353237544455429,7.187218402968995e-46,1697
biology-ckpt1,experts,3,TFT,raw,0.22079908932242379,3.150574297600712e-20,1701
biology-ckpt1,experts,3,FFD,raw,0.5186912864257559,1.664171698561333e-117,1697
biology-ckpt1,experts,3,SFD,raw,0.49863138295542775,9.892484584435087e-107,1687
biology-ckpt1,experts,3,RPD_inc,raw,0.26056355427903816,9.7729899116145e-28,1697
biology-ckpt1,experts,3,TFC,raw,0.2376181947575286,2.915283094295567e-23,1701
biology-ckpt1,experts,3,pca,raw,0.23591747601480248,6.803725722383737e-23,1697
biology-ckpt1,experts,4,FPRT,raw,0.39595247962513946,8.39280881101304e-65,1697
biology-ckpt1,experts,4,TFT,raw,0.28999827149643753,2.5821206579695046e-34,1701
biology-ckpt1,experts,4,FFD,raw,0.5351337055199267,2.3857973312863213e-126,1697
biology-ckpt1,experts,4,SFD,raw,0.5200388517078857,1.586897022269033e-117,1687
biology-ckpt1,experts,4,RPD_inc,raw,0.31430830062255843,3.1826384791271954e-40,1697
biology-ckpt1,experts,4,TFC,raw,0.30499055410878556,6.020093336281288e-38,1701
biology-ckpt1,experts,4,pca,raw,0.3088663900516173,7.811116411842187e-39,1697
biology-ckpt1,experts,5,FPRT,raw,0.2363649056666634,5.617853891269186e-23,1697
biology-ckpt1,experts,5,TFT,raw,0.10882369161807263,6.849875832035711e-06,1701
biology-ckpt1,experts,5,FFD,raw,0.4448536394549988,2.9793030930184593e-83,1697
biology-ckpt1,experts,5,SFD,raw,0.423484734435421,2.2050696085911353e-74,1687
biology-ckpt1,experts,5,RPD_inc,raw,0.15748689015766373,6.864566916375645e-11,1697
biology-ckpt1,experts,5,TFC,raw,0.12796257645416653,1.1869945822174047e-07,1701
biology-ckpt1,experts,5,pca,raw,0.13794373514117203,1.1589714193704538e-08,1697
biology-ckpt1,experts,6,FPRT,raw,0.4236755761128526,6.922309289431181e-75,1697
biology-ckpt1,experts,6,TFT,raw,0.33462261453672804,8.882749692057833e-46,1701
biology-ckpt1,experts,6,FFD,raw,0.5557151232959058,3.9423236399131923e-138,1697
biology-ckpt1,experts,6,SFD,raw,0.5391332199317054,7.920280404409139e-128,1687
biology-ckpt1,experts,6,RPD_inc,raw,0.3184634931751683,2.6408755808332483e-41,1697
biology-ckpt1,experts,6,TFC,raw,0.35509009141577647,1.0258686882675897e-51,1701
biology-ckpt1,experts,6,pca,raw,0.3375607848419516,1.6941416088418567e-46,1697
biology-ckpt1,experts,7,FPRT,raw,0.4301625043515964,2.1910204029484838e-77,1697
biology-ckpt1,experts,7,TFT,raw,0.374566811589672,8.695340971773571e-58,1701
biology-ckpt1,experts,7,FFD,raw,0.49393433001476167,4.5093422150687345e-105,1697
biology-ckpt1,experts,7,SFD,raw,0.47488002228866927,1.2777523609393859e-95,1687
biology-ckpt1,experts,7,RPD_inc,raw,0.35520916624455945,1.2385026722358204e-51,1697
biology-ckpt1,experts,7,TFC,raw,0.3910007749279192,3.0319466798765934e-63,1701
biology-ckpt1,experts,7,pca,raw,0.36270751137877866,6.448219338620591e-54,1697
biology-ckpt1,experts,8,FPRT,raw,0.4381463576652508,1.5430464520543526e-80,1697
biology-ckpt1,experts,8,TFT,raw,0.38577261367186977,1.7863530036741507e-61,1701
biology-ckpt1,experts,8,FFD,raw,0.5123791586795602,3.0840987909577325e-114,1697
biology-ckpt1,experts,8,SFD,raw,0.500167755503126,1.76174279765619e-107,1687
biology-ckpt1,experts,8,RPD_inc,raw,0.34909973935228306,8.097459312837252e-50,1697
biology-ckpt1,experts,8,TFC,raw,0.4076098617256477,4.3784501230452845e-69,1701
biology-ckpt1,experts,8,pca,raw,0.3674200603748755,2.201497393174493e-55,1697
biology-ckpt1,experts,9,FPRT,raw,0.41122189524872277,3.07618650540258e-70,1697
biology-ckpt1,experts,9,TFT,raw,0.37497443026693383,6.42214929814276e-58,1701
biology-ckpt1,experts,9,FFD,raw,0.4531464396616979,1.078894387982561e-86,1697
biology-ckpt1,experts,9,SFD,raw,0.4345506278195327,1.1865321237882118e-78,1687
biology-ckpt1,experts,9,RPD_inc,raw,0.314554393438247,2.7494178536146717e-40,1697
biology-ckpt1,experts,9,TFC,raw,0.391354134022662,2.2956905674065937e-63,1701
biology-ckpt1,experts,9,pca,raw,0.36490497421886664,1.3445184550985442e-54,1697
biology-ckpt1,experts,10,FPRT,raw,0.4577499038140551,1.2057475391047623e-88,1697
biology-ckpt1,experts,10,TFT,raw,0.43407978702980154,4.194645268297331e-79,1701
biology-ckpt1,experts,10,FFD,raw,0.49384454304285463,4.981577107438731e-105,1697
biology-ckpt1,experts,10,SFD,raw,0.4737477930825132,4.1166917328884795e-95,1687
biology-ckpt1,experts,10,RPD_inc,raw,0.3826463691069426,2.711795873774659e-60,1697
biology-ckpt1,experts,10,TFC,raw,0.4475283407671042,1.5135427358077263e-84,1701
biology-ckpt1,experts,10,pca,raw,0.41663767812373903,3.0968428353475453e-72,1697
biology-ckpt1,experts,11,FPRT,raw,0.6115336509568129,1.2966615470405104e-174,1697
biology-ckpt1,experts,11,TFT,raw,0.6156050671397283,5.577442091083399e-178,1701
biology-ckpt1,experts,11,FFD,raw,0.5502972778168865,5.986612376792808e-135,1697
biology-ckpt1,experts,11,SFD,raw,0.5373163182278149,8.084719952431646e-127,1687
biology-ckpt1,experts,11,RPD_inc,raw,0.4771686670176268,3.245009040872546e-97,1697
biology-ckpt1,experts,11,TFC,raw,0.623884076312179,3.922560922199235e-184,1701
biology-ckpt1,experts,11,pca,raw,0.5792285067089329,1.2170239623740266e-152,1697
biology-ckpt1,novices,0,FPRT,raw,0.6119063104478174,4.3694801794098236e-175,1699
biology-ckpt1,novices,0,TFT,raw,0.5607467777118247,1.8185560234758219e-141,1701
biology-ckpt1,novices,0,FFD,raw,0.660600304212597,1.480401852835561e-213,1699
biology-ckpt1,novices,0,SFD,raw,0.6479632656490815,8.173299494793718e-200,1673
biology-ckpt1,novices,0,RPD_inc,raw,0.46376491043614615,2.399643580189902e-91,1699
biology-ckpt1,novices,0,TFC,raw,0.5910437029714556,9.186786108597429e-161,1701
biology-ckpt1,novices,0,pca,raw,0.5430789432056149,5.944826322337043e-131,1699
biology-ckpt1,novices,1,FPRT,raw,0.4441943779760161,4.44532036856745e-83,1699
biology-ckpt1,novices,1,TFT,raw,0.2855227776796404,2.849139231587828e-33,1701
biology-ckpt1,novices,1,FFD,raw,0.6874183928849535,5.302961298515476e-238,1699
biology-ckpt1,novices,1,SFD,raw,0.6679615813563856,1.1339874657379253e-216,1673
biology-ckpt1,novices,1,RPD_inc,raw,0.2907506965166765,1.8768094175815041e-34,1699
biology-ckpt1,novices,1,TFC,raw,0.31971666007070876,9.957929182243659e-42,1701
biology-ckpt1,novices,1,pca,raw,0.3317649946066065,6.214720823310924e-45,1699
biology-ckpt1,novices,2,FPRT,raw,0.35584171989612295,6.975561536775616e-52,1699
biology-ckpt1,novices,2,TFT,raw,0.20493347323696853,1.3816579373806292e-17,1701
biology-ckpt1,novices,2,FFD,raw,0.5512621862127073,1.1409574240740947e-135,1699
biology-ckpt1,novices,2,SFD,raw,0.5297443799070555,1.1214318062699762e-121,1673
biology-ckpt1,novices,2,RPD_inc,raw,0.2367195297122337,4.5522670627924827e-23,1699
biology-ckpt1,novices,2,TFC,raw,0.23246474282474233,2.6305024887282806e-22,1701
biology-ckpt1,novices,2,pca,raw,0.2518649103260394,5.391796042502325e-26,1699
biology-ckpt1,novices,3,FPRT,raw,0.3009829886361315,6.505538704818504e-37,1699
biology-ckpt1,novices,3,TFT,raw,0.1703104907367482,1.5415556736362707e-12,1701
biology-ckpt1,novices,3,FFD,raw,0.5044629380213018,2.310806713827311e-110,1699
biology-ckpt1,novices,3,SFD,raw,0.48261605641321637,2.461101211450915e-98,1673
biology-ckpt1,novices,3,RPD_inc,raw,0.20897091702615486,3.2186039851981355e-18,1699
biology-ckpt1,novices,3,TFC,raw,0.19886410326762038,1.2465716737034132e-16,1701
biology-ckpt1,novices,3,pca,raw,0.20730529127567063,5.999663049092487e-18,1699
biology-ckpt1,novices,4,FPRT,raw,0.36684843408076623,2.8768421464566372e-55,1699
biology-ckpt1,novices,4,TFT,raw,0.252091770250338,4.545655948096963e-26,1701
biology-ckpt1,novices,4,FFD,raw,0.5236947479957216,2.7666095996837324e-120,1699
biology-ckpt1,novices,4,SFD,raw,0.5018090744802922,2.112924404457691e-107,1673
biology-ckpt1,novices,4,RPD_inc,raw,0.2724164592888404,2.7178392793766417e-30,1699
biology-ckpt1,novices,4,TFC,raw,0.27597498653386343,4.134659173518505e-31,1701
biology-ckpt1,novices,4,pca,raw,0.28683325158929857,1.544848542065541e-33,1699
biology-ckpt1,novices,5,FPRT,raw,0.2010756079511234,5.879186431442105e-17,1699
biology-ckpt1,novices,5,TFT,raw,0.06335534657785297,0.008957257605471875,1701
biology-ckpt1,novices,5,FFD,raw,0.4354105395852574,1.5365606295815653e-79,1699
biology-ckpt1,novices,5,SFD,raw,0.4183404523939861,7.262302297038661e-72,1673
biology-ckpt1,novices,5,RPD_inc,raw,0.11317970185305919,2.914622539010365e-06,1699
biology-ckpt1,novices,5,TFC,raw,0.09084899388678094,0.00017549396252717454,1701
biology-ckpt1,novices,5,pca,raw,0.11100487417923097,4.511389351812453e-06,1699
biology-ckpt1,novices,6,FPRT,raw,0.39779209382461644,1.6177964262164905e-65,1699
biology-ckpt1,novices,6,TFT,raw,0.29803767474696713,3.097871993862119e-36,1701
biology-ckpt1,novices,6,FFD,raw,0.5486820214955207,3.619202871079917e-134,1699
biology-ckpt1,novices,6,SFD,raw,0.5272627543656377,2.3577364007073984e-120,1673
biology-ckpt1,novices,6,RPD_inc,raw,0.27771148348111896,1.839506341535242e-31,1699
biology-ckpt1,novices,6,TFC,raw,0.3261111060630313,1.943970829743237e-43,1701
biology-ckpt1,novices,6,pca,raw,0.3179646628428646,3.205478961795181e-41,1699
biology-ckpt1,novices,7,FPRT,raw,0.41941190050415417,2.3405945062810983e-73,1699
biology-ckpt1,novices,7,TFT,raw,0.3567925860338477,3.1406990307857776e-52,1701
biology-ckpt1,novices,7,FFD,raw,0.4958921242997061,3.8452660408820623e-106,1699
biology-ckpt1,novices,7,SFD,raw,0.47101308539921605,3.9655391254048235e-93,1673
biology-ckpt1,novices,7,RPD_inc,raw,0.32795729915099164,6.871993539306971e-44,1699
biology-ckpt1,novices,7,TFC,raw,0.37701445612191403,1.400180882903074e-58,1701
biology-ckpt1,novices,7,pca,raw,0.36000179596272963,3.8014966727662975e-53,1699
biology-ckpt1,novices,8,FPRT,raw,0.42644856567051503,4.909046143553461e-76,1699
biology-ckpt1,novices,8,TFT,raw,0.36739194437404155,1.679150225070332e-55,1701
biology-ckpt1,novices,8,FFD,raw,0.5107053765961344,1.631937859767526e-113,1699
biology-ckpt1,novices,8,SFD,raw,0.48751273688050434,1.3573489856425087e-100,1673
biology-ckpt1,novices,8,RPD_inc,raw,0.32004505077081424,9.090074387480645e-42,1699
biology-ckpt1,novices,8,TFC,raw,0.39311202039414217,5.724255297402995e-64,1701
biology-ckpt1,novices,8,pca,raw,0.3636435948665317,2.872089205539845e-54,1699
biology-ckpt1,novices,9,FPRT,raw,0.39709199623337194,2.839362592305363e-65,1699
biology-ckpt1,novices,9,TFT,raw,0.3615913441147882,1.074048374812207e-53,1701
biology-ckpt1,novices,9,FFD,raw,0.4511362070123537,5.9816409018966955e-86,1699
biology-ckpt1,novices,9,SFD,raw,0.4316205995546911,7.058710941306934e-77,1673
biology-ckpt1,novices,9,RPD_inc,raw,0.29936452525841745,1.618454022627196e-36,1699
biology-ckpt1,novices,9,TFC,raw,0.379928889318759,1.5591990545329046e-59,1701
biology-ckpt1,novices,9,pca,raw,0.3598325619542913,4.282804607687484e-53,1699
biology-ckpt1,novices,10,FPRT,raw,0.4501409818508668,1.5578861442285787e-85,1699
biology-ckpt1,novices,10,TFT,raw,0.43362569974675685,6.341880667176646e-79,1701
biology-ckpt1,novices,10,FFD,raw,0.4874347033584626,4.305900311520388e-102,1699
biology-ckpt1,novices,10,SFD,raw,0.46445409998982823,2.8460874072547683e-90,1673
biology-ckpt1,novices,10,RPD_inc,raw,0.36921649657831174,5.166579112666131e-56,1699
biology-ckpt1,novices,10,TFC,raw,0.4488379620057768,4.332923629846664e-85,1701
biology-ckpt1,novices,10,pca,raw,0.41787204597468847,8.850736670715657e-73,1699
biology-ckpt1,novices,11,FPRT,raw,0.6125439163658817,1.5128728465617078e-175,1699
biology-ckpt1,novices,11,TFT,raw,0.6207965290829741,8.124658638881066e-182,1701
biology-ckpt1,novices,11,FFD,raw,0.5508994237626668,1.8584341397154988e-135,1699
biology-ckpt1,novices,11,SFD,raw,0.5324771348117776,3.805469495029843e-123,1673
biology-ckpt1,novices,11,RPD_inc,raw,0.4789428777415499,3.862496628098304e-98,1699
biology-ckpt1,novices,11,TFC,raw,0.630556035631104,3.150548931513797e-189,1701
biology-ckpt1,novices,11,pca,raw,0.5884956132876284,7.082486795236931e-159,1699
